Text,Main_Class,Sub_Class
"I KNOW Covid First SARS RNA DNA. Only No DNA Especially As Vaccine, They DNA, If Cancer, Aids, No SARS DNA. People Funny Of Just I I I All Really Fever, The I We IDK I California, USA California Covid Huntington Memorial Hospital Pasadena, Ca I Covid. You Covid. The Strokes, If 5G Covid"" Wuhan Everything 5G. Our 5G 4G, The Department Defense 5G This The Silent War. The In USA, Maintain Billion That They These It No, American, Trump They Truth Trump",Forum,COVID-19
Half Coronavirus Deaths Vaccinated People,Forum,COVID-19
Half Coronavirus Deaths Vaccinated People,Forum,COVID-19
Half Coronavirus Deaths Vaccinated People,Forum,COVID-19
UK: Half Coronavirus Deaths Vaccinated People,Forum,COVID-19
"As Delta U.K., Covid-19 But",Forum,COVID-19
"On Delta, India, U.S.,",Forum,COVID-19
"The U.K. Delta The By June, Delta And Delta",Forum,COVID-19
The Delta U.K. Covid But,Forum,COVID-19
Data Public Health England Delta June Fifty,Forum,COVID-19
"First, Not Those Covid-19",Forum,COVID-19
"Second, Covid-19 If Covid-19 Some",Forum,COVID-19
"Third, If Consider All Covid-19",Forum,COVID-19
The Covid-19 Alpha U.K. Public Health England Alpha It Delta Covid-19. And,Forum,COVID-19
Unvaccinated People Need Controlled Restricted”,Forum,COVID-19
Unvaccinated People Need Controlled Restricted”,Forum,COVID-19
Australian MP Says Unvaccinated People Need Controlled Restricted”,Forum,COVID-19
Australian MP Frank Pangallo,Forum,COVID-19
The SA- Best Party Australian Reclaim Net.,Forum,COVID-19
"Sildenafil UK-92,480) Pfizer's Sandwich, Kent, England. It The Morriston Hospital Swansea. Phase I Ian Osterloh Pfizer The FDA March United States, United States It Viagra US$1.934",Market,COVID-19
"Boolell M, Allen MJ, Ballard SA, Gepi- Attee S, Muirhead GJ, Naylor AM, June Sildenafil: G M P-specific International Journal Impotence Research.",Market,COVID-19
"Terrett NK, Bell AS, Brown D, Elllis P Sildenafil Viagra), Type G M P Bioorg Med Chem Lett.",Market,COVID-19
"Ashburn TT, Thor KB August Drug Nature Reviews. Drug Discovery.",Forum,COVID-19
"Kling J From Viagra"". Mod. Drug Discov.",Forum,COVID-19
There That The Government,Forum,COVID-19
Jab Beast! Follow God.. You,Forum,COVID-19
The WHO Is Renaming COVID Variants,Forum,COVID-19
Is Right Wing Conspiracy Theory Becoming Fact?,Forum,COVID-19
Shedding Spreading Genetic Vaccines,Forum,COVID-19
"Papers Please! No Shot, No Service’",Forum,COVID-19
Vaxx Causes Heart Inflammation,Forum,COVID-19
Vaccine Passports: One Passport Rule Them All,Market,COVID-19
Last Silent Thought Wed Apr,Forum,COVID-19
Sort Author Post Replies Subject Views,Forum,COVID-19
Re: DO NOT GET VACCINATED!,Forum,COVID-19
What You Obviously YOU DO NOT We The It This,Market,COVID-19
Just Herpes Simplex Uncharacteristically Borrelia Russia. Some Lyme Disease (I Dangers,Market,COVID-19
"Here's For Lyme Disease. It's I Well, Sadly, Lyme Disease,",Market,COVID-19
Re: DO NOT GET VACCINATED!,Forum,COVID-19
The Coronavirus They Their India Pharma They Likewise,Forum,COVID-19
"I COVID, We Azithromycin The I",Forum,COVID-19
Shedding Spreading Genetic Vaccines,Forum,COVID-19
Shedding Spreading Genetic Vaccines,Forum,COVID-19
Shedding Spreading Genetic Vaccines,Forum,COVID-19
"Journalists Pfizer However, It’s",Forum,COVID-19
It For Moderna RNA-based Exosomes It,Forum,COVID-19
The DNA The SPIONs),Forum,COVID-19
SPIONs Valuable,Forum,COVID-19
The Numerous The Fe3 O4,Forum,COVID-19
The We Fe3 O4-based SPIONs Oe,Forum,COVID-19
Naked SPIONs In SPIONs SPIONs,Forum,COVID-19
Polyethylenimine SPIONs DNA,Forum,COVID-19
DO NOT GET VACCINATED!,Forum,COVID-19
"I Am I I UNEQUIVOCALLY N C B I/ Pubmed, I",Forum,COVID-19
"YOU HAVE BEEN CONDITIONED TO JERK OFF TO PORN, CONSUME AND DESTROY YOUR OWN HEALTH FOR INSTANT GRATIFICATION.",Forum,COVID-19
They FOOD EAT MEAT FRESH VEGETABLES AVOID EVERYTHING ELSE.,Forum,COVID-19
"They Proteins Phenylalanine, Tyrosine Dopamine Tryptophan Not Glycine",Market,COVID-19
Speaking Schizophrenia TRPV1 I FAAH COMT,Market,COVID-19
PLEASE BE SAFE...THERE IS A LOT OF INFO OUT THERE..HONE YOUR SKILLS IN CYBERSECURITY AND BIOMED.,Forum,COVID-19
My She Shes Havent NEW SOUTH WALES I They,Forum,COVID-19
Coronavirus: Dozens M Ps Covid,Forum,COVID-19
Former Labour Jeremy Corbyn Tory Iain Duncan Smith M Ps Covid England.,Forum,COVID-19
It Daily Telegraph Covid,Market,COVID-19
"Prime Minister Boris Johnson England,",Market,COVID-19
Culture Secretary Oliver Dowden,Market,COVID-19
But M Ps Covid,Market,COVID-19
The Mr Corbyn’s Covid Research Group Conservative MPs,Market,COVID-19
Accusing Liberal Democrats Sir Ed Davey As Vaccine Covid ID,Forum,COVID-19
"Sir Graham Brady, Committee Tory M Ps, With",Market,COVID-19
RUSSIAN AND CHINESE DISINFORMATION CAMPAIGNS,Forum,COVID-19
"PROOF THAT THE RUSSIANS AND CHINESE ARE EXECUTING DISINFORMATION CAMPAIGNS FOR PSYCHOLOGICAL ECONOMIC WARFARE TO DEMORALIZE THE UNITED STATES AND HER ALLIES IN A LONG DRAWN OUT PROCESS. NORMALIZING CRISIS(ES), SUCH AS THE COVID-19 CORONAVIRUS PANDEMIC.",Forum,COVID-19
The Russians Chinese SOCIAL MEDIA FEAR PANIC AMERICA ALLIES.,Forum,COVID-19
THESE DISINFORMATION CAMPAIGNS BY THE RUSSIAN AND CHINESE GOVERNMENTS AND ORGANIZATIONS ASSOCIATED WITH THEM INFLUENCE THE PEOPLE TO VOTE THE WAY THEY WANT THEM TO. THEY WANT THE AMERICAN PEOPLE TO NOT TRUST THEIR GOVERNMENT INSTITUTIONS FOR IMPORTANT INFORMATION.,Forum,COVID-19
KGB Yuri Bezmenov's America Man From Call Duty: Black Ops Cold War,Forum,COVID-19
FULL INTERVIEW OF KGG DEFECTOR YURI BEZMENOV,Forum,COVID-19
"THEORY: ALSO, ISNT IT ODD THAT PRESIDENT TRUMP HAS A TRUMP TOWER IN MOSCOW, COULD HE ACTUALLY BE A RUSSIAN AGENT THAT WANTS TO CAUSE CHAOS ON PURPOSE? WHO KNOWS?",Forum,COVID-19
WITH THESE DISINFORMATION CAMPAIGNS ITS HARD TO KNOW FACT FROM FICTION ANYMORE.,Forum,COVID-19
TRUMP IS SUPPORTED BY THE RUSSIANS.,Forum,COVID-19
FACT CHECK EVERYTHING AND EVERYONE.,Forum,COVID-19
"BIDEN IS ALSO VERY CORRUPT AND IS A PUPPET FOR THE CRONIES AROUND HIM. REMEMBER, THESE CAUSES TRULY SERVE OUR FOREIGN ADVERSARIES TO DEMORALIZE OUR NATION. BIDEN IS SUPPORTED BY THE CHINESE. Biden's Clinton's Obama's Hunter Biden",Forum,COVID-19
SCOPE OF THESE DISINFORMATION CAMPAIGNS:,Forum,COVID-19
"PLATFORMS OF DISINFORMATION: NEWS MEDIA, SOCIAL MEDIA, FAKE NEWS WEBSITES",Forum,COVID-19
"PERPETRATORS: The Chinese Communist Party Government, The Russian Federation Government",Forum,COVID-19
SCOPE OF DISINFORMATION/MISINFORMATION CAMPAIGNS:,Forum,COVID-19
"Also, Republicans Democrats? More Republican Democrat",Forum,COVID-19
Where's Green Party Candidate?,Forum,COVID-19
Where's Constitution Party Candidate?,Forum,COVID-19
"In Democrat Republican TV NBC, CNN, FOX)?",Forum,COVID-19
Are Constitutional Democratic Republic,Forum,COVID-19
"Please I I However, China Black Asian Latin Caucasian LGBT All Lives Matter. Activists I",Forum,COVID-19
I WE NEED TO BE EDUCATED AND DO SOMETHING ABOUT THIS NOW. AN EDUCATED CITEZENRY IS THE BEST DEFENSE OF A CONSTITUTIONAL DEMOCRACY!,Forum,COVID-19
Re: RUSSIAN AND CHINESE DISINFORMATION CAMPAIGNS,Forum,COVID-19
"The Covid British However, Dr. Luc Nobel Retrovirology Lab Pasteur Institute",Forum,COVID-19
Dr. Antibody- Dependent Enhancement” (ADE). Prof.,Forum,COVID-19
European Medicines Agency. The COVID-19,Forum,COVID-19
"In French Virologist Christine Rouzioux Sarte, Rheims, Moselle.”",Forum,COVID-19
Re: The Covid Covid,Forum,COVID-19
"LONDON, England, June Life Site News) The Delta COVID Public Health England",Forum,COVID-19
"Just Marxist Delta"" China-disease Covid-19",Forum,COVID-19
Beware Delta Beta Covid-19 So Science Covid-19,Forum,COVID-19
"While China Then, CDC WHO Covid",Forum,COVID-19
This It's Bill Gates Fauci.,Forum,COVID-19
"As Delta Variant"" India, Europe, United States, In Israel, Delta Variant Delta Plus,"" MORE Covid-19. Sure. The",Forum,COVID-19
"In India, Covid The Covid-19, All It's Covid",Forum,COVID-19
"The CDC WHO Delta Variant BLOCK Wuhan China, NIH Fauci-led",Forum,COVID-19
"The Delta Variant Delta Variant"" Here",Forum,COVID-19
Only Indians That's Especially,Forum,COVID-19
"People This Delta Variant"" PCR Delta Variant Test, Get It's",Forum,COVID-19
PM Calls Unvaxxed Public Health Risk”,Forum,COVID-19
PM Calls Unvaxxed Public Health Risk”,Forum,COVID-19
"Australia: PM Calls Unvaxxed Public Health Risk,” Demands Private Companies Punish Them QR Codes",Forum,COVID-19
"The Australian Scott Morrison,",Forum,COVID-19
Despite Coalition Covid Morrison,Forum,COVID-19
The QR Australian Immunisation The,Forum,COVID-19
Italian MP Sara Cunial Exposes Bill Gates Coronavirus Hoax Parliament,Forum,COVID-19
"Fortune Big Pharma, Big Tech?",Forum,COVID-19
Italian MP Sara Cunial Exposes Bill Gates Coronavirus Hoax Parliament,Forum,COVID-19
By NLP. With So Phase Phase ESM.,Forum,COVID-19
We As You To,Forum,COVID-19
"And WHO, Bill Gates. We",Forum,COVID-19
"Bill Gates Event Davos,",Forum,COVID-19
"He If He Only Thanks Africa India, Dtap",Forum,COVID-19
"Likewise, GMO All RNA 5G USA.",Forum,COVID-19
"So Deep State Italian There’s Sanofi Glaxo, Guerra, Ricciardi They There Roman Engineering, Mantoan, European Agenda ID2020 ID. Fouund Renzi IBM.",Forum,COVID-19
"Renzi, I Gates Global Foundation. There Aspen Sasson Colao Bilderberg Club",Forum,COVID-19
"There Medtronic Arcuri The Italian International Alliance Coronavirus Gavi Alliance, Gates Foundation. And European Commission I’ve",Forum,COVID-19
"In I’m Mr. President, Conte: Dear President Conte, Bill Gates, International Penal Court Humanity Thank",Forum,COVID-19
Re: Italian MP Sara Cunial Exposes Bill Gates Coronavirus Hoax Parliament,Forum,COVID-19
"So, Canada’s PCR America’s? All",Forum,COVID-19
Over Westphalian Times Canada COVID-19 COVID,Forum,COVID-19
"The Westphalian Times US UK, Canadian COVID-19 Canadians COVID",Forum,COVID-19
"We Alberta, Ontario, Quebec, British Columbia, Manitoba, Nova Scotia, Saskatchewan, New Brunswick PCR COVID.",Forum,COVID-19
"Only Quebec Manitoba, Ct",Forum,COVID-19
"Ontario, British Columbia, Nova Scotia, Saskatchewan PCR British Columbia However, Saskatchewan Journal Clinical Virology PCR",Forum,COVID-19
It British Columbia Saskatchewan. Alberta New Brunswick,Forum,COVID-19
Bill Gates Warns Future Pandemics,Forum,COVID-19
Bill Gates Warns Future Pandemics,Forum,COVID-19
Michael Jordan The Economics Coronavirus,Forum,COVID-19
Michael Jordan The Economics Coronavirus,Forum,COVID-19
The Wuhan (COVID-19). There The,Forum,COVID-19
"His Chicago Scottie Pippen Probably I've Jordan ""I Not Finals Said Bulls Phil Jackson: This",Forum,COVID-19
This The New York Times December,Forum,COVID-19
Cases Centers Disease Control Prevention,Forum,COVID-19
"From Center Disease Control,",Forum,COVID-19
The (P&I) U.S. December February,Forum,COVID-19
The COVID Fraud Will Not Stay Hidden Forever,Forum,COVID-19
"The COVID COVID. They COVID COVID, They COVID",Forum,COVID-19
"In Britain, One Daily Mail. In Britain, Canada",Forum,COVID-19
"The They There Meanwhile, COVID-19 US, Canada, India. This COVID",Forum,COVID-19
Then Dr. Anthony Fauci COVID He He Now Gates’ This He Schwab’s Great Reset,Forum,COVID-19
Effectiveness Adding Mask Recommendation Other Public Health Measures Prevent S A R S- Co V-2 Infection Danish Mask Wearers A Randomized Controlled Trial,Forum,COVID-19
Background: Observational SARS-CoV-2). It,Forum,COVID-19
Objective: To SARS-CoV-2,Forum,COVID-19
Measurements: The SARS-CoV-2 (PCR),Forum,COVID-19
"Results: A Infection SARS-CoV-2 The CI, PCI, P Multiple Although C Is",Forum,COVID-19
The SARS-CoV-2 the conclusion,Forum,COVID-19
Primary The Salling Foundations.,Forum,COVID-19
Why Russia Sputnik V COVID-19,Forum,COVID-19
Russia's Sputnik V Gamaleya,Market,COVID-19
Seniors DYING LIKE FLIES COVID,Market,COVID-19
Another Foreigner Arrested Defrauding Coronavirus Relief Fund,Forum,COVID-19
PCR Test Casedemic’: How Technocrats Intentionally Weaponized Bad Science,Market,COVID-19
"Those Who Died From Virus Had Other Illness, Italy Says",Market,COVID-19
Bill Gates Warns Future Pandemics,Forum,COVID-19
President Trump Be Released From Walter Reed,Forum,COVID-19
White House Updates Public Trump's Health,Forum,COVID-19
"Combatting Misinformation, Fake News News Bias",Forum,COVID-19
RUSSIAN AND CHINESE DISINFORMATION CAMPAIGNS,Forum,COVID-19
Bio N Tech Covid-19 Europe,Market,COVID-19
"German Bio N Tech, Pfizer Covid",Market,COVID-19
An RNA Germany Der Spiegel,Market,COVID-19
"In Europe,” Bio N Tech Ozlem Tureci, German We",Forum,COVID-19
Book Published Before Coronavirus Hoax Began Describes Most What Followed Next,Forum,COVID-19
"In Covid-19 Chinese Wuhan, Steven Taylor, Australian University British Columbia Vancouver, The Psychology Pandemics.",Forum,COVID-19
Even But Lonely Planet,Market,COVID-19
The Chapter Vaccine Taylor Guardian.,Forum,COVID-19
"Despite Taylor That, Delta",Forum,COVID-19
"Dr. Astrid Stückelberger Bill Gates, World Health Organization (WHO), Wuhan Covid-19)",Forum,COVID-19
"A WHO Dr. Stückelberger United Nations Much U.S. Centers Disease Control Prevention (CDC), WHO Big Pharma Bill Melinda Gates Foundation.",Forum,COVID-19
"As University Applied Sciences Switzerland Institute Global Health Faculty Medicine University Geneva, Dr. Stückelberger WHO",Forum,COVID-19
In WHO WHO With Chinese WHO Iran United States President Donald Trump.,Forum,COVID-19
"Behind Gates GAVI, Wu Flu WHO And WHO",Forum,COVID-19
"It WHO,” Dr. Stückelberger WHO So, It",Forum,COVID-19
"Dr. Stückelberger Gates Switzerland GAVI, WHO",Forum,COVID-19
Even Gates WHO. He,Forum,COVID-19
As Gates Wuhan Covid-19) Event This,Forum,COVID-19
Dr. Stückelberger WHO She WHO,Forum,COVID-19
We Need Vaccination Rate,Forum,COVID-19
"After Getting His First Booster, Biden Now Says We Need Vaccination Rate",Market,COVID-19
"This Johnson Johnson (J&J) Company CEO Alex Gorsky CNBC Chinese Unfortunately, Gorsky Meg Tirrell Healthy Returns Spotlight""",Forum,COVID-19
Every If Gorsky Americans Wuhan (COVID-19),Forum,COVID-19
"What Gorsky Big Pharma ""I Gorsky",Forum,COVID-19
The Gorsky American Big Pharma There,Forum,COVID-19
"Going Thomas Centers Disease Control Prevention (CDC), ""I More Chinese Pandemic.news. Sources Zero Hedge.com Natural News.com",Forum,COVID-19
Move Big Pharma: BIG COVID,Market,COVID-19
"The Wuhan (COVID-19) On Feb. The Wall Street Journal (WSJ) As Covid-19 Vaccines Raise Hope, Cold Reality Dawns That Illness Is Likely Here Stay"" Chinese In Chinese",Forum,COVID-19
"WSJ Daniela Hernandez Drew Hinshaw Chinese COVID-19 HIV."" The Only Wu Flu",Forum,COVID-19
"Going Thomas U.S. Centers Disease Control Prevention. ""I",Forum,COVID-19
In They American Some,Forum,COVID-19
"According WSJ, COVID-19 It",Forum,COVID-19
"New Jersey-based Quest Diagnostics Inc.,",Forum,COVID-19
"We Jiwon Lim, South Korea-based SD Biosensor, Inc., Wuhan (COVID-19) Switzerland-based Novartis International AG Eli Lilly Co. Chinese Some Chinese",Forum,COVID-19
"Coexistence WSJ They Wake America!"" If Pandemic.news. Sources Archive.fo Natural News.com",Forum,COVID-19
The COVID Fraud Will Not Stay Hidden Forever,Forum,COVID-19
The COVID Fraud Will Not Stay Hidden Forever,Forum,COVID-19
"The COVID COVID. They COVID COVID, They COVID",Forum,COVID-19
Now COVID I COVID.,Forum,COVID-19
"In Britain, One Daily Mail. In Britain, Canada",Forum,COVID-19
"The They There Meanwhile, COVID-19 US, Canada, India. This COVID",Forum,COVID-19
Then Dr. Anthony Fauci COVID He He Now Gates’ This He Schwab’s Great Reset,Forum,COVID-19
RUSSIAN AND CHINESE DISINFORMATION CAMPAIGNS,Forum,COVID-19
RUSSIAN AND CHINESE DISINFORMATION CAMPAIGNS,Forum,COVID-19
RUSSIAN AND CHINESE DISINFORMATION CAMPAIGNS,Forum,COVID-19
"PROOF THAT THE RUSSIANS AND CHINESE ARE EXECUTING DISINFORMATION CAMPAIGNS FOR PSYCHOLOGICAL ECONOMIC WARFARE TO DEMORALIZE THE UNITED STATES AND HER ALLIES IN A LONG DRAWN OUT PROCESS. NORMALIZING CRISIS(ES), SUCH AS THE COVID-19 CORONAVIRUS PANDEMIC.",Forum,COVID-19
The Russians Chinese SOCIAL MEDIA FEAR PANIC AMERICA ALLIES.,Forum,COVID-19
THESE DISINFORMATION CAMPAIGNS BY THE RUSSIAN AND CHINESE GOVERNMENTS AND ORGANIZATIONS ASSOCIATED WITH THEM INFLUENCE THE PEOPLE TO VOTE THE WAY THEY WANT THEM TO. THEY WANT THE AMERICAN PEOPLE TO NOT TRUST THEIR GOVERNMENT INSTITUTIONS FOR IMPORTANT INFORMATION.,Forum,COVID-19
WITH THESE DISINFORMATION CAMPAIGNS ITS HARD TO KNOW FACT FROM FICTION ANYMORE.,Forum,COVID-19
TRUMP IS SUPPORTED BY THE RUSSIANS.,Forum,COVID-19
FACT CHECK EVERYTHING AND EVERYONE.,Forum,COVID-19
"BIDEN IS ALSO VERY CORRUPT AND IS A PUPPET FOR THE CRONIES AROUND HIM. REMEMBER, THESE CAUSES TRULY SERVE OUR FOREIGN ADVERSARIES TO DEMORALIZE OUR NATION. BIDEN IS SUPPORTED BY THE CHINESE. Biden's Clinton's Obama's Hunter Biden",Forum,COVID-19
SCOPE OF THESE DISINFORMATION CAMPAIGNS:,Forum,COVID-19
"PLATFORMS OF DISINFORMATION: NEWS MEDIA, SOCIAL MEDIA, FAKE NEWS WEBSITES",Forum,COVID-19
"PERPETRATORS: The Chinese Communist Party Government, The Russian Federation Government",Forum,COVID-19
SCOPE OF DISINFORMATION/MISINFORMATION CAMPAIGNS:,Forum,COVID-19
Where's Green Party Candidate?,Forum,COVID-19
Where's Constitution Party Candidate?,Forum,COVID-19
No Entry Anywhere Unvaxxed Humans,Forum,COVID-19
Unvaccinated People Need Controlled Restricted”,Forum,COVID-19
Door-to- Door Vaxx Police,Forum,COVID-19
Half Coronavirus Deaths Vaccinated People,Forum,COVID-19
Jews Outraged That Young Americans Avoiding Their Deadly Vaxx!,Forum,COVID-19
Secretly Installed COVID-19 Tracking App,Forum,COVID-19
Sort Author Post Replies Subject Views,Forum,COVID-19
Human Russian Covid-19 FORCED,Forum,COVID-19
"Ombudsman Tatiana Moskalkova, Vesti FM Moscow, St Petersburg In Russian",Forum,COVID-19
Why RNA?,Forum,COVID-19
By Umair Irfan Aug EDT,Forum,COVID-19
The R N A. Rather That DNA RNA,Forum,COVID-19
Once DNA RNA That’s,Forum,COVID-19
"If Rahul Gupta, March Dimes, National Press Foundation August So",Forum,COVID-19
Researchers On Pfizer R N A-based Nature. Moderna R N A Covid-19.,Forum,COVID-19
"Meanwhile, Oxford University’s Jenner Institute Astra Zeneca It",Forum,COVID-19
Under R N A DNA The R N A,Forum,COVID-19
According Centers Disease Control Prevention (CDC) R N A R N A DNA CDC The CDC R N A DNA Mission- Impossible-style R N A,Forum,COVID-19
"A December S A R S- Co V-2, Harvard Massachusetts Institute Technology (MIT), RNA",Forum,COVID-19
This It At America Somebody The They’re Once,Forum,COVID-19
NOTE: This Of It’s We This You,Forum,COVID-19
"Don’t Don’t Christs Agency, Freedom, Liberty",Forum,COVID-19
Cases Centers Disease Control Prevention,Forum,COVID-19
"From Center Disease Control,",Forum,COVID-19
The (P&I) U.S. December February,Forum,COVID-19
DO NOT GET VACCINATED!,Forum,COVID-19
"Fortune Big Pharma, Big Tech?",Forum,COVID-19
It´s There Virus Corona,Forum,COVID-19
My Italy I She February. What This And Italy News Another Those Italy Africa. I,Forum,COVID-19
"This Resource Lock-down, People No Corona Most Either Kill",Forum,COVID-19
"The For They That's If So, He So, I I Chlorine Dioxide. Over Clinical",Forum,COVID-19
I'm Here KY But,Forum,COVID-19
Unvaccinated Student Banned Attending Classes Rutgers University,Forum,COVID-19
A New Jersey Rutgers University,Forum,COVID-19
One Not Cold War” War Terror” A,Forum,COVID-19
"Nazism Stalinism Numerous Manson Jim Jones’ People’s Temple, Church Scientology, Heavens Gate, Helter Skelter, Christian Communism, Xenu Galactic Confederacy,",Forum,COVID-19
Re: The Covidian Cult,Forum,COVID-19
COVID-19: Pandemic? Or Cult?,Forum,COVID-19
Sort Author Post Subject,Forum,COVID-19
"Fortune Big Pharma, Big Tech?",Forum,COVID-19
"Fake Tests, Fake Bodies, Fake Pandemic: All Keep People Fear",Forum,COVID-19
Michael Jordan The Economics Coronavirus,Forum,COVID-19
Coronavirus: Ten Things Think,Forum,COVID-19
Why Russia Sputnik V COVID-19,Forum,COVID-19
Italian MP Sara Cunial Exposes Bill Gates Coronavirus Hoax Parliament,Forum,COVID-19
Sort Author Post Replies Subject Views,Forum,COVID-19
"Fortune Big Pharma, Big Tech?",Forum,COVID-19
Unmasking Big Lies Rigged Covid-19 Vaccine” Studies Jab Propaganda Manufactured,Forum,COVID-19
"Much Pfizer/ Bio N Tech, Moderna, Astra Zeneca Johnson Johnson’s Covid-19. Figures These",Forum,COVID-19
Before Instead Enron’s What,Forum,COVID-19
"I I Johns Hopkins University Covid-19 Instantly, I This Covid-19 Coronavirus",Forum,COVID-19
This CDC If To Covid-19. At SARS- Cov-2.,Forum,COVID-19
"Dogs At University Pennsylvania,",Forum,COVID-19
They CDC Announces All Travellers Must Wear TWO Masks Face Arrest,Forum,COVID-19
The Center Disease Control DOUBLE United States.,Forum,COVID-19
"Fortune Big Pharma, Big Tech?",Forum,COVID-19
Unvaccinated Austrians Follow DW,Forum,COVID-19
Coroner BBC Astra Zeneca Covid-19,Forum,COVID-19
A BBC Radio Lisa Shaw Astra Zeneca’s Covid-19,Forum,COVID-19
Shaw Astra Zeneca’s She,Market,COVID-19
Coroner Karen Dilks Shaw Astra Zeneca Covid,Market,COVID-19
Reasons I Won’t Be Getting Covid Vaccine,Forum,COVID-19
Defy Covid Mandates And Vaccines,Forum,COVID-19
"Denmark, Norway, Iceland Astra Zeneca",Forum,COVID-19
Covid Vaccine’ Deaths And Injury Reports,Forum,COVID-19
The COVID Fraud Will Not Stay Hidden Forever,Forum,COVID-19
Sort Author Post Replies Subject Views,Forum,COVID-19
Died They Azithromicyn Trump Purely,Forum,COVID-19
"For I RNA I Corona But, I The Jews That's",Forum,COVID-19
Re: DO NOT GET VACCINATED!,Forum,COVID-19
Sort Author Post Subject,Forum,COVID-19
Fauci Reportedly Briefed Health Leaders Potential Lab Leak' Unusual' COVID Strain,Forum,COVID-19
Fauci Reportedly Briefed Health Leaders Potential Lab Leak' Unusual' COVID Strain,Forum,COVID-19
"Republican Anthony Fauci COVID-19 Buzz Feed,",Forum,COVID-19
"As COVID-19 Food Drug Administration, Scott Gottlieb, Dr. Anthony Fauci",Forum,COVID-19
"The US Wuhan, China, Gottlieb, CBS’s Face Nation",Forum,COVID-19
"The FDA President Donald Trump, Trump Fauci's",Forum,COVID-19
"Gottlieb, Fauci’s The FDA Uncontrolled Spread: Why COVID-19 Crushed US How We Can Defeat Next Pandemic'",Forum,COVID-19
"Last Dr. Fauci Europe World Health Assembly, Gottlieb",Forum,COVID-19
Further CBS FDA US,Forum,COVID-19
"Former Food Drug Administration (FDA) Commissioner Scott Gottlieb, China, COVID",Forum,COVID-19
He The Wuhan Institute Virology November,Forum,COVID-19
US Wuhan Institute COVID-19 Chinese Foreign Ministry,Forum,COVID-19
Re: Fauci Reportedly Briefed Health Leaders Potential Lab Leak' Unusual' COVID Strain,Forum,COVID-19
Ways Fauci Emails Expose Trail Manipulation Deception,Forum,COVID-19
The SARS-Co-V-2 Twitter June Buzz Feed News Dr. Anthony Fauci.,Forum,COVID-19
"Emails Dr. Kristian Andersen, The Proximal Origin S A R S- Co V-2,” March Nature, Fauci COVID. Five Andersen",Forum,COVID-19
"The Fauci COVID, COVID",Forum,COVID-19
Re: Fauci Reportedly Briefed Health Leaders Potential Lab Leak' Unusual' COVID Strain,Forum,COVID-19
Dr. Anthony Fauci That's Liberals COVID. Article Matt Vespa Town Hall.com) The The,Forum,COVID-19
"States The It's COVID Trump, It Trump Operation Warp Speed. The Trump",Forum,COVID-19
"But The It's It So, I",Forum,COVID-19
"The Centers Disease Control Prevention (CDC) Delta We're There's COVID MSNBC, CNN,",Forum,COVID-19
"I Dr. Anthony Fauci MSNBC. A What? That Also, Store-bought COVID.",Forum,COVID-19
"Fauci Also, Sen. Rand Paul (R-KY)",Forum,COVID-19
"Well, Rand The COVID And The",Forum,COVID-19
Re: Fauci Reportedly Briefed Health Leaders Potential Lab Leak' Unusual' COVID Strain,Forum,COVID-19
The Smoking Gun: Fauci NIH Knew Covid-19 Vaccines” Could Lead Antibody- Dependent Enhancement,Forum,COVID-19
Three I Dr. Robert Malone’s Antibody- Dependent Enhancement Covid-19 That,Forum,COVID-19
The RNA Covid-19 Instead Dr. Malone ADE,Forum,COVID-19
Late John Wiley Sons NIH’s The Covid-19 Antibody- Dependent Enhancement Dr. Malone Not Dr. Malone,Forum,COVID-19
Re: Fauci Reportedly Briefed Health Leaders Potential Lab Leak' Unusual' COVID Strain,Forum,COVID-19
Cult- Owned Fascist Criminal Fauci Dismisses Freedom’ In Call For Vaccine Mandates: The Time Has Come. Enough Is Enough’,Forum,COVID-19
After FDA Pfizer COVID Anthony Fauci CNN,Forum,COVID-19
Fauci “I I Enough We’ve,Forum,COVID-19
"The United States Centers Disease Control Prevention (CDC) Nebraska Wuhan Covid-19). Joining CDC Food Drug Administration (FDA) Pfizer Bio N Tech's China Donald Trump's Operation Warp Speed""",Forum,COVID-19
"Typically, Covid-19 Dr. Gary Anthone, Nebraska's While I In Anthone Covid-19",Forum,COVID-19
"The The Vaccine Adverse Event Reporting System (VAERS), It VAERS This CDC FDA Nebraska",Forum,COVID-19
"As CDC Chinese The Meanwhile, Anthone Chinese",Forum,COVID-19
The Nebraska Israeli Health Ministry In,Forum,COVID-19
Look Pitching And It We People,Forum,COVID-19
"Just Wuhan Covid-19) Dr. Witold Rogiewicz, Polish The Dr. Rogiewicz While Dr. Rogiewicz Vaccinate",Forum,COVID-19
"He Chinese And IPolish. If Bill Gates, I 5G I I I",Forum,COVID-19
"Dr. Rogiewicz Within Bill Gates' Dr. Rogiewicz's At Collaborator, Dr. Witold Rogiewicz, VIP Clinic",Forum,COVID-19
"We We We Witek, The Dr. Rogiewicz's",Forum,COVID-19
"Much Covid-19, Dr. Rogiewicz's The Wuhan Covid-19)",Forum,COVID-19
As Hopefully Dr. Rogiewicz's,Forum,COVID-19
Perhaps All Dr. Rogiewicz,Forum,COVID-19
Why I Because Twitter Chinese His If Wu Flu,Forum,COVID-19
Ohio DIED TWO DOSES Moderna,Forum,COVID-19
"A Ohio Moderna's Wuhan (COVID-19) Victor Smith, Hamilton, Ohio, Cincinnati Moderna Fort Hamilton Hospital Jan.",Forum,COVID-19
"According Smith's Dawn Smith- Theodore, Smith After Fort Hamilton Hospital, Jamestowne Rehabilitation, Community First Solutions. Related: Texas",Forum,COVID-19
"While Smith Jamestowne, Moderna Butler County Fairgrounds, Hamilton, Feb. On The When I He",Forum,COVID-19
"But Moderna And I Victor,"" Smith- Theodore. The Victor Smith?'",Forum,COVID-19
"After Smith According Smith- Theodore, Victor Moments Smith Jamestowne Fort Hamilton Hospital.",Forum,COVID-19
"When Smith- Theodore On Facebook, Smith- Theodore According Smith- Theodore, Fort Hamilton Hospital's Hold He Smith- Theodore.",Forum,COVID-19
Trying I Smith- Theodore,Forum,COVID-19
"""I Smith- Theodore, Calabasas Southern California, Ohio She Mar. So, I",Forum,COVID-19
"Fortunately Smith Brandon Saurber, Director Neighborhoods Hamilton, Danielle Webb, Vice President Marketing Community Relations Community First Solutions, WLWT, N B C's Cincinnati, Smith's",Forum,COVID-19
An City Hamilton COVID-19 The Jamestowne Rehabilitation City Hamilton Fire Department.,Forum,COVID-19
Jamestowne The Both Jamestowne City Hamilton Fire Department Our,Forum,COVID-19
Neither Fort Hamilton Hospital Community First Solutions Smith As,Forum,COVID-19
"A Ohio, Victor Smith, Covid He Article Carla Sinclair Boing Boing.net) Smith Covid January.",Forum,COVID-19
"After Victor, From Live Science:",Forum,COVID-19
"They I Dawn Smith Theodore, WLWT. That There Smith COVID-19 ""I Victor, Victor Smith?' Yes' Theodore My 'I",Forum,COVID-19
How Many People Are Vaccines Killing?,Forum,COVID-19
"EXPOSED Pfizer UK. Deaths Bell’s Palsy,",Forum,COVID-19
"Latest Astra Zeneca As Bell’s Palsy,",Forum,COVID-19
"The Italian Astra Zeneca's Wuhan (COVID-19) Italian Piedmont Sandro Tognatti, Astra Zeneca University Oxford.",Forum,COVID-19
The Tognatti's Italy ABV5811 Tognatti's Italy Tognatti's,Forum,COVID-19
Last Astra Zeneca Sicily We Italy,Forum,COVID-19
"It Astra Zeneca Ireland, Denmark, Norway, Iceland, European The Astra Zeneca In",Forum,COVID-19
According Tognatti's Astra Zeneca Saturday Later Tognatti's,Forum,COVID-19
It Tognatti's) Teresa Angela Camelio.,Forum,COVID-19
"Meanwhile, Chinese Dr. Geert Vanden Bossche World Health Organization (WHO)",Forum,COVID-19
"""I EXTREMELY COVID-19 Bossche Bossche He Bill Melinda Gates Gavi, Vaccine Alliance",Forum,COVID-19
Bossche Glaxo Smith Kline (GSK) And Bossche Wuhan Bossche Non- Pharmacological Interventions N P Is),Forum,COVID-19
"Prosecutors Italy Wuhan Covid-19) Astra Zeneca University Oxford. According Sandro Tognatti, Biella Saturday",Forum,COVID-19
"Simona Riussi, An Tognatti Attorneys Italian Piedmont",Forum,COVID-19
"Astra Zeneca's Chinese Tognatti, Oxford, Nearly Tognatti Italy European Astra Zeneca",Forum,COVID-19
Government Tognatti's This Tognatti's,Forum,COVID-19
"According Astra Zeneca, Wuhan The World Health Organization (WHO)",Market,COVID-19
"According Astra Zeneca, Wuhan The World Health Organization (WHO) However, Italy, France, Germany, Ireland, Denmark, Norway, The Netherlands, Bulgaria, Luxembourg, Thailand The Astra Zeneca",Market,COVID-19
"Tognatti Here United States, Astra Zeneca's Chinese Emergency"" Amazingly, Riussi Astra Zeneca",Market,COVID-19
My Riussi Italian La Repubblica. Sweden European Astra Zeneca,Forum,COVID-19
"Most WHO. Yes, Astra Zeneca WHO Margaret Harris. There The WHO",Forum,COVID-19
The European Medicines Agency (EMA) Europeans Until Astra Zeneca,Market,COVID-19
"Vaccines Satan's ""I DNA",Market,COVID-19
"The Norway, Wuhan (COVID-19) Along Now, Chinese",Forum,COVID-19
"""I Astra Zeneca English Norwegian Linn Wiik. It But That's This Moving Wuhan",Forum,COVID-19
"Wiik Still, Let It Wiik Although I That's",Forum,COVID-19
Wiik This At Wiik Chinese,Forum,COVID-19
Since Wiik's Perhaps Wiik Wuhan People,Forum,COVID-19
"In Norway, We Then At Wiik Astra Zeneca ""I If I I",Forum,COVID-19
"This Simona Riussi, Sandro Tognatti, Despite Riussi Because, Someone Wiik That's",Forum,COVID-19
Researchers Greifswald Germany Astra Zeneca COVID Norddeutscher Rundfunk,Forum,COVID-19
"The German Andreas Greinacher, Astra Zeneca's As NPR Greinacher Greinacher Germany Astra Zeneca",Forum,COVID-19
Twelve In The Astra Zeneca's,Market,COVID-19
"The German The Lancet, The New York Times. While Germany, Pål Andre Holme, Oslo University Hospital, Norway Holme Norwegian VG",Forum,COVID-19
Our Holme There Holme It's Greinacher Germany. Holme I'm I,Forum,COVID-19
As The Defender Oxford- Astra Zeneca The European Medicines Agency (EMA) Astra Zeneca's But Reuters.,Forum,COVID-19
"EMA Sabine Straus, E M A's Despite EMA, Emer Cooke, Astra Zeneca's",Forum,COVID-19
"Denmark Saturday Astra Zeneca's COVID New York Times. A Capital Region Denmark According The New York Times, Danish Ritzau",Forum,COVID-19
"The Danish Medicines Agency Right Tanja Erichsen, Danish Medicines Agency, Danish DR. Dr. James Bussel, Weill Cornell Medicine,",Forum,COVID-19
He Europe The Times. Denmark Astra Zeneca's E M A's Other Scandinavian Finland Norway Germany,Forum,COVID-19
Astra Zeneca's Emergency Use Authorization U.S. Some U.S. Reuters.,Forum,COVID-19
"Some U.S. Astra Zeneca Pfizer, Moderna, Johnson Johnson Russia's Sputnik V COVID Though Johnson Johnson U.S. February",Forum,COVID-19
"We'll German Norwegian Dr. Peter Hotez, Baylor College Medicine Houston. There's Astra Zeneca COVID-19",Forum,COVID-19
The Guardian: Several European Oxford/ Astra Zeneca Covid,Forum,COVID-19
"The Guardian Their Austria, Estonia, Latvia, Luxembourg, Lithuania, Romania, Denmark, Norway, Iceland, The Netherlands, Ireland, Germany, France, Italy, Spain, Slovenia, Cyprus, Sweden.",Forum,COVID-19
And I Wall St. Journal European Union O K—“the Standard,Forum,COVID-19
And Governments RNA Prior COVID RNA,Forum,COVID-19
"Since I I’ll Bill Gates, Fauci, RNA It",Forum,COVID-19
"We And Easter And Jupiter. We’ll Christmas. The S A R S- Co V-2 If Disneyland, Immunity Certificate…”",Forum,COVID-19
"Then COVID Astra Zeneca, Pfizer, Moderna BY DESIGN.",Market,COVID-19
Then COVID Pfizer BY DESIGN.,Market,COVID-19
BUY Then COVID  Moderna BY DESIGN.,Market,COVID-19
"NY Times Peter Doshi Eric Topol,",Market,COVID-19
These Coronavirus Trials Don’t Answer One Question We Need Know”:,Forum,COVID-19
"But Moderna, Pfizer Astra Zeneca, U.S.",Forum,COVID-19
The CDC WHO They,Forum,COVID-19
"It Pfizer NBC News, December",Forum,COVID-19
“A New York City Covid-19,Forum,COVID-19
"The In Ivan Illich, Medical Nemesis, Bantam Books,",Forum,COVID-19
"Robert F Kennedy, Jr.: After Centers Disease Control Prevention Johns Hopkins",Forum,COVID-19
"Similarly, Boston University John Sonja Mc Kinlay Millbank Memorial Fund Quarterly The Questionable Contribution Medical Measures Decline Mortality United States Twentieth Century’.”",Forum,COVID-19
Teletubbies Covid-19: Just Tubby,Forum,COVID-19
"Beloved TV Teletubbies Tinky Winky, Dipsy, Laa- Laa Po Covid-19.",Forum,COVID-19
We’re Teletubbies Twitter Just Tubby Who’s,Forum,COVID-19
The Astra Tubbica” Noo-nson Noo-nson” Dome Clinic”.,Forum,COVID-19
"The TV Eva Herzig, German-speaking The",Forum,COVID-19
"The Eva Herzig, ARD Steirerkrimi, ARD Federal Republic Germany, Germany’s",Forum,COVID-19
"Herzig, SOKO Leipzig, SOKO Kitzbühel SOKO Cologne, Facebook The VOLUNTARY VACCINATION If I I Styrian In I",Forum,COVID-19
The She Herzig Bild Sonntag Mainly This I I,Forum,COVID-19
The Allegro Film They Bild Sonntag: In Steirerkrimis’ This,Forum,COVID-19
The German Bundesverband Schauspiel The Hans- Werner Meyer We Standing Vaccination Commission. And Get,Forum,COVID-19
Reasons I Won’t Be Getting Covid Vaccine,Forum,COVID-19
THREE GROUND RULES FOR DISCUSSION,Forum,COVID-19
VACCINE MAKERS ARE IMMUNE FROM LIABILITY,Forum,COVID-19
"First National Childhood Vaccine Injury Act, PREP Act,",Forum,COVID-19
THE CHECKERED PAST OF THE VACCINE COMPANIES,Forum,COVID-19
Never Moderna Johnson Johnson).,Forum,COVID-19
"Are Pfizer, Astra Zeneca).",Market,COVID-19
"Fake Tests, Fake Bodies, Fake Pandemic: All Keep People Fear",Market,COVID-19
"Fake Tests, Fake Bodies, Fake Pandemic: All Keep People Fear",Market,COVID-19
"Fake Tests, Fake Bodies, Fake Pandemic: All Keep People Fear",Market,COVID-19
"As We Brave New World COVID-1984. We War Bioterror, PCR There It",Market,COVID-19
Share Knowledge Once Self-respect The NWO,Forum,COVID-19
It Democrats President Trump Administration Americans.,Market,COVID-19
Declaring President Trump Politico He US,Market,COVID-19
"Swords Into Plowshares... Paul, Ron Best Price: Buy New EST Details) State The Champaign, Illinois, The Ohio",Market,COVID-19
"The Trump Administration Anthony Fauci, National Institute Allergy Infectious Diseases National Institutes Health. Fauci He Congress",Market,COVID-19
"On Face Nation, Fauci Right I He",Market,COVID-19
Over A United States? By Where’s,Market,COVID-19
If Fauci The The Walmart Costco,Market,COVID-19
The The Atlantic Council NATO Article COVID-19 Are,Market,COVID-19
That Without Those But Government When,Market,COVID-19
Vaccine Passports: One Passport Rule Them All,Market,COVID-19
Vaccine Passports: One Passport Rule Them All,Market,COVID-19
"Fortune Big Pharma, Big Tech?",Market,COVID-19
Vaccine Passports: One Passport Rule Them All,Market,COVID-19
THE STORY: Vaccine They,Forum,COVID-19
THE IMPLICATIONS: If COVID,Forum,COVID-19
"Vaccine Operation Coronavirus, COVID The",Market,COVID-19
Re: Vaccine Passports: One Passport Rule Them All,Market,COVID-19
Re: Vaccine Passports: One Passport Rule Them All,Forum,COVID-19
"Well, It WILL They DEMORALISE",Forum,COVID-19
This PRETENDS PROTECT We're,Forum,COVID-19
"Also, Stalin, Mao VISIBLE",Forum,COVID-19
Re: Vaccine Passports: One Passport Rule Them All,Forum,COVID-19
Silent Thought Wed Apr,Forum,COVID-19
"Over I NWO The Eugenics Society, Freemasons/ Illuminati Population Part I Achilles A Solar",Forum,COVID-19
“vaccines” have no assurance that they will be safe from Covid-19,Forum,COVID-19
At best people who take part in this ongoing clinical trial develop antibodies,Forum,COVID-19
"At best people who take part in this ongoing clinical trial develop antibodies that wear off after 3-6 months, ",Forum,COVID-19
uncommon general mask use,Forum,COVID-19
some degree of social distancing,Forum,COVID-19
The recommendation to wear surgical masks to supplement other public health measures did not reduce the SARS-CoV-2,Forum,COVID-19
Limitation: Inconclusive results,Forum,COVID-19
Limitation: missing data,Forum,COVID-19
Limitation:variable adherence,Forum,COVID-19
"Limitation: patient-reported findings on home tests, no blinding",Forum,COVID-19
Smell Covid-19,Forum,COVID-19
no assessment of whether masks could decrease disease transmission from mask wearers to others.,Forum,COVID-19
Will corrupt politicians,Forum,COVID-19
"CEOs, govts see more opportunities to exploit us?",Forum,COVID-19
"What is in the fine print of their vaccines? Microchips, altered-DNA?",Forum,COVID-19
"Fortune Big Pharma, Big Tech?",Forum,COVID-19
What is in the fine print of their vaccines?,Forum,COVID-19
covert trade-bio war,Forum,COVID-19
only the most retarded of retarded sheep can believe this hoax and accept being injected,Forum,COVID-19
with whatever that shit theyre,Forum,COVID-19
calling a vaccine is,Forum,COVID-19
rational free-thinking people and OUTNUMBER,Forum,COVID-19
imagine what a democratic classroom,Forum,COVID-19
has been pursued over the years,Forum,COVID-19
children and the mentally disabled are already barred from voting for this very reasonwhat if the vacine passport is a trick to stamp out retards,Forum,COVID-19
world where politicians are unable to buy votes,Forum,COVID-19
are accountable to a free-thinking and critical voting block,Forum,COVID-19
"I mean imagine a world where we can finally unite without these imbeciles, where they have absolutely no political power",Forum,COVID-19
private corporation than it does a public health,Forum,COVID-19
"Gates holds an incredible amount of sway over decisions made at the WHO, which impact most countries",Forum,COVID-19
"Gates holds an incredible amount of sway over decisions made at the WHO, which impact most countries",Forum,COVID-19
"Dr. Stückelberger explains that Gates holds immunity in Switzerland where such deals are made, as does GAVI, and has repeatedly tried to become his own “member state” in the eyes of the WHO – though it is unclear if he was ever actually voted in as such.",Forum,COVID-19
What is in the fine print of their vaccines?,Forum,COVID-19
which caused the blood clots in her brain,Forum,COVID-19
Coroner Karen Dilks Shaw Astra Zeneca Covid,Forum,COVID-19
vaccine-induced thrombotic thrombocytopenia,Forum,COVID-19
were suffered as a result of vaccination,Forum,COVID-19
Lethal Moderna Vaccine,Forum,COVID-19
the sign of pressure from COVID hospitalizations,Forum,COVID-19
face mask while using any form of public transportation,Forum,COVID-19
"At the University of Pennsylvania, they’re now learning to smell the coronavirus.",Forum,COVID-19
We Need 98% Vaccination Rate,Forum,COVID-19
"“About 23% haven’t gotten any shots, and that distinct minority is causing an awful lot of damage for the rest of the country,” he said.",Forum,COVID-19
“vaccines” have no assurance that they will be safe from Covid-19,Forum,COVID-19
"At best people who take part in this ongoing clinical trial develop antibodies that wear off after 3-6 months, ",Forum,COVID-19
uncommon general mask use,Forum,COVID-19
some degree of social distancing,Forum,COVID-19
The recommendation to wear surgical masks to supplement other public health measures did not reduce the SARS-CoV-2,Forum,COVID-19
Limitation: Inconclusive results,Forum,COVID-19
Limitation: missing data,Forum,COVID-19
Limitation:variable adherence,Forum,COVID-19
"Limitation: patient-reported findings on home tests, no blinding",Forum,COVID-19
Smell Covid-19,Forum,COVID-19
no assessment of whether masks could decrease disease transmission from mask wearers to others.,Forum,COVID-19
Will corrupt politicians,Forum,COVID-19
"CEOs, govts see more opportunities to exploit us?",Forum,COVID-19
"What is in the fine print of their vaccines? Microchips, altered-DNA?",Forum,COVID-19
these morons are literally handing you all the data that tells you there is no pandemic,Forum,COVID-19
"while telling you theres a pandemic, theyre getting retard celebrities to push vaccines using almost childlike propaganda while simultaneously posting an endless stream of vaccine deaths and injuries",Forum,COVID-19
its almost like its a test,Forum,COVID-19
only the most retarded of retarded sheep can believe this hoax and accept being injected,Forum,COVID-19
with whatever that shit theyre,Forum,COVID-19
rational free-thinking people and OUTNUMBER,Forum,COVID-19
imagine what a democratic classroom,Forum,COVID-19
has been pursued over the years,Forum,COVID-19
children and the mentally disabled are already barred from voting for this very reasonwhat if the vacine passport is a trick to stamp out retards,Forum,COVID-19
world where politicians are unable to buy votes,Forum,COVID-19
are accountable to a free-thinking and critical voting block,Forum,COVID-19
"I mean imagine a world where we can finally unite without these imbeciles, where they have absolutely no political power",Forum,COVID-19
followers of the covid cult will be at the mercy of future generations,Forum,COVID-19
Green Terrorism,Forum,COVID-19
private corporation than it does a public health,Forum,COVID-19
"Gates holds an incredible amount of sway over decisions made at the WHO, which impact most countries",Forum,COVID-19
"Gates holds an incredible amount of sway over decisions made at the WHO, which impact most countries",Forum,COVID-19
"Dr. Stückelberger explains that Gates holds immunity in Switzerland where such deals are made, as does GAVI, and has repeatedly tried to become his own “member state” in the eyes of the WHO – though it is unclear if he was ever actually voted in as such.",Forum,COVID-19
What is in the fine print of their vaccines?,Forum,COVID-19
which caused the blood clots in her brain,Forum,COVID-19
Coroner Karen Dilks Shaw Astra Zeneca Covid,Forum,COVID-19
vaccine-induced thrombotic thrombocytopenia,Forum,COVID-19
were suffered as a result of vaccination,Forum,COVID-19
Lethal Moderna Vaccine,Forum,COVID-19
Master Fauci Says Forced Vaccinations are Coming,Forum,COVID-19
"I would prefer, and we all would prefer that people would be voluntarily getting vaccinated",Forum,COVID-19
"but if they're not gonna do that, sometimes you've got to do things that are unpopular, but that clearly supersede individual choices",Forum,COVID-19
I would prefer that girls would be voluntarily getting fucked,Forum,COVID-19
but if they’re not going to do that sometimes to do things that are unpopular clearly supersede individual choices,Forum,COVID-19
Doctors for COVID Ethics,Forum,COVID-19
the jewish elites are gonna mass murder 5 billion of us with vaccines,Forum,COVID-19
the jewish satanic synagog of babylonian child sacrifice cult is behind the vaccine genocide done on a billion count scale to exterminate everyone except the jewish cult of supremacist,Forum,COVID-19
Now to cover up all of this jewish evil shit,Forum,COVID-19
the zionist babylonain elites have decided to throw you all offguard and introduce some plandemiced distraction to keep you all separated,Forum,COVID-19
masked up and injected with toxic shit that will eventually but slowely destroy your immune system and render you forever dependent on booster shots until YOU ARE DEAD.,Forum,COVID-19
These jewish elites have been killing murdering and silencing all whistle blowers,Forum,COVID-19
"well, i can keep talking about mentioning so many names like isaac kappy that got himself suicided just recently but you get the assassinations point, right?",Forum,COVID-19
"jews are mass murderers, the jews are the bolsheviks that did",Forum,COVID-19
"the holodomor that you never hear about in the jewish media, the jews are the nazis that mass murdered all the european christians, the jewish mossad did 9/11 and blamed it on the arabs, etc etc",Forum,COVID-19
"THE JEWS ARE THE EVIL OF THIS WORLD, THE JEW PRACTICE USURY AND DESTROY ALL ECONOMIES WORLD WIDE, THE JEWS CONTROL ALL RELIGIONS,",Forum,COVID-19
"jews are waiting for their moshiach,,, well, the muslims are waiting for a madhi, the christians are waiting for a second coming, etc etc",Forum,COVID-19
"THe police are all freemasons working to protect the jewish central banking elites, against YOU the labor slave people of this earth.",Forum,COVID-19
"You are all so stupid to keep participating in their jewish evil cult, be it the jewish usury economy, or the education indoctrination school camps, ther corporate media or the pharma mafia, evrything in this world is controlled and owned by the jewish elites.",Forum,COVID-19
Including the 5G wireless torture weapons systems that are being built everywhere around the world to make you all sick and punish you at a distance whenever you disobey the jewish elites and their insane nwo genocide agenda.,Forum,COVID-19
"DESTROY THIS SYSTEM! ATTACK ALL GOVTS, BANKS, POLITICS, POLICE, MILITARY, THEY ALL WORK FOR THE ELITES AND ARE GOING TO MASS MURDER ALL OF YOU!!!",Forum,COVID-19
All the elites are: the central usury based fractional reserve,Forum,COVID-19
"interest debt banking, the pedovore satanist politicians, the angels of death doctors and surgeons involved with organ",Forum,COVID-19
the mossad controlled intelligence agencies and gang stalking,Forum,COVID-19
"sacrificing devil worshippers has been playing on us for hundreds of years, if not thousands of years.",Forum,COVID-19
The jewish cult of pedos and baby killers,Forum,COVID-19
"has survived on this earth, slaving whites, blacks, asians arabs, it doesnt matter what your skin color is, you will always be a GOY to the jews.",Forum,COVID-19
GOY means you are less than a filthy dog to the jews and their talmud allows for jews to kill all goys.,Forum,COVID-19
"you are living the final stages of their arrival of their moshiach, who is lucifer the god of the jews, satan.",Forum,COVID-19
"to bring about his jewish world order, you and your children must all DIE from the vaccines, the vaccine is a genocide weapon, that the jewish dr mengele would be proud of.",Forum,COVID-19
"the jewish cult of babylonian jesuit zionist royal elites has been here since babylonian times and they have been worshipping the gods moloch, baal, satan, all kinds of demons of perversion and pedofilia has been summoned into this world by these elite jews.",Forum,COVID-19
"you are all going to die, your food supplies are poisoned, so is your drinking water, and your skies have all been sprayed with heavy metals, toxines and carcinogenics.",Forum,COVID-19
this is operation extinction from resident evil.,Forum,COVID-19
you are living it and experiencing your own EXTINCTION LEVEL EVENT.,Forum,COVID-19
the jewish elites are gonna mass murder 5 billion of us with vaccines,Forum,COVID-19
i also want the drugs you are taking! but you must reduce the dose or smoke weed insted,Forum,COVID-19
because you wrote a huge pile of bullshit,Forum,COVID-19
Vaccines Can Produce Stronger Versions of Viruses,Forum,COVID-19
‘Leaky’ Vaccines Can Produce Stronger Versions of Viruses,Forum,COVID-19
"By studying chickens, researchers say they have proven the theory that more virulent viruses can evolve from so-called “leaky” vaccines.",Forum,COVID-19
The current debate over vaccinating toddlers is small potatoes compared to the potential risks of using “leaky” vaccines to prevent disease.,Forum,COVID-19
"According to a new study published today in the scientific journal PLOS Biology, some types of vaccines could allow more virulent versions of a virus to survive, putting those who are unvaccinated at greater risk of severe illness.",Forum,COVID-19
necessary to examine the difference between “perfect” vaccines and “leaky” ones.,Forum,COVID-19
Perfect vaccines are so-named because they mimic the perfect immunity that humans naturally develop after having certain childhood disease.,Forum,COVID-19
"“When a vaccine works perfectly, as do the childhood vaccines for smallpox, polio, mumps, rubella and measles",Forum,COVID-19
it prevents vaccinated individuals from being sickened by the disease it also prevents them from transmitting the virus to others,Forum,COVID-19
Vitamine D versus Corona,Forum,COVID-19
COVID-19 Mortality Risk Correlates Inversely with Vitamin D3 Status,Forum,COVID-19
Mortality Rate Close to Zero Could Theoretically Be Achieved at 50 ng/mL 25(OH)D3,Forum,COVID-19
Booster every three months,Forum,COVID-19
Covid: All UK adults to be offered booster jab,Forum,COVID-19
Covid booster jabs are to be offered to all over-18s in the UK to help stop a potential wave of infections driven by the new variant Omicron.,Forum,COVID-19
The Joint Committee on Vaccination and Immunisation made a series of recommendations to expand the booster rollout.,Forum,COVID-19
It said the minimum gap between the second vaccine dose and booster should be reduced from six to three months.,Forum,COVID-19
The experts also said children aged 12-15 should be invited for a second jab.,Forum,COVID-19
Early evidence suggests Omicron has a higher re-infection risk,Forum,COVID-19
scientists say it will take about three weeks before it is known how the variant impacts on the effectiveness of vaccines,Forum,COVID-19
Omicron the super fake variant,Forum,COVID-19
"The unequal sharing of Covid vaccines globally is likely to lead to more variants like Omicron emerging, the international affairs thinktank Chatham House is warning.",Forum,COVID-19
"Newly discovered coronavirus strain with a significant number of mutations has prompted the WHO to convene a special emergency meeting, set to discuss how to address the evolved variant.",Forum,COVID-19
The global health body’s technical head on Covid-19,Forum,COVID-19
"Maria Van Kerkhove, announced the upcoming meeting on Thursday during a livestreamed Q&A session Omicron variant",Forum,COVID-19
"saying experts would gather Friday to talk about the new strain, dubbed B.1.1.529, which has now been detected in South Africa",Forum,COVID-19
“Our technical advisory group on virus evolution is discussing this with our colleagues in South Africa,Forum,COVID-19
"Van Kerkhove said of the new variant, adding “We’re also meeting again tomorrow.”",Forum,COVID-19
Cell and Gene Therapy for COVID-19,Forum,COVID-19
Bayer Pharmaceuticals President Admits mRNA “Vaccines” Are Cell and Gene Therapy,Forum,COVID-19
The Public Would Not Have Agreed to Take Them If It Were Not for the “Pandemic”,Forum,COVID-19
At this year’s World Health Summit Stefan Oelrich,Forum,COVID-19
"President of Bayer’s Pharmaceuticals Division, gave a truly eye-opening speech revealing how the so-called “experts” think and quite frankly, taking his speech in the round, it’s chilling.",Forum,COVID-19
"Not many will be surprised that another speaker at the Summit was Rick Bright, Senior Vice President Pandemic Prevention",Forum,COVID-19
The Rockefeller Foundation and Bill Gates was glaringly in attendance.,Forum,COVID-19
"Ignoring the unprecedented injury, illness and death Covid injections are causing worldwide and gaslighting its victims",Forum,COVID-19
Oelrich begins: “This past year the life sciences have really emerged as the light in the darkness of the Covid-19 pandemic,Forum,COVID-19
"Its value to society recognised to a degree rarely seen before, certainly not during my lifetime or at least working in this industry",Forum,COVID-19
"We have many reasons to be proud of it … I think unprecedented collaboration, transparency but also taking accountability for health across all different sectors and stakeholders.",Forum,COVID-19
What is this Bio Revolution “a lot of people talk about”?,Forum,COVID-19
ultimately the mRNA vaccines are an example for that cell and gene therapy,Forum,COVID-19
"I always like to say: if we had surveyed two years ago in the public – ‘would you be willing to take a gene or cell therapy and inject it into your body?’ – we probably would have had a 95% refusal rate,",Forum,COVID-19
Bayer executive: mRNA shots are ‘gene therapy’ marketed as ‘vaccines’ to gain public trust,Forum,COVID-19
"Vaccinated, cured or dead",Forum,COVID-19
"Germans will be 'vaccinated, cured or dead' by winter's end, warns health minister",Forum,COVID-19
FBI launches probe after 'questionable vials' labeled 'smallpox' found in Merck's Pennsylvania lab,Forum,COVID-19
Austria Locks Down 2 Million Unvaccinated Citizens,Forum,COVID-19
Cheat the system,Forum,COVID-19
"I red also on this forum people who offer vaccination certificate, covid pass etc... but unfortunately are all SCAM.",Forum,COVID-19
Long Covid',Forum,COVID-19
ME patient goes to court in row over exercise therapy for chronic fatigue syndrome,Forum,COVID-19
Where can I find Covid 19 PCR Test Template,Forum,COVID-19
"I don't want to go and take a PCR test, where can I find a template so I can photoshop it.",Forum,COVID-19
"Where To Purchase COVID-19 Vaccine Passport/Certificate, Card",Market,COVID-19
"Where To Purchase COVID-19 Vaccine Passport/Certificate, Card",Market,COVID-19
COVID-19 Vaccine Passport/Certificate,Market,COVID-19
COVID-19 Vaccine Passport/Certificate legit service,Market,COVID-19
We do this to help people who are in critical situations and want to travel urgently,Market,COVID-19
"still blind out there, so many secrets are hidden from us. The minority ruling are trying to destroy Contact us for more details",Market,COVID-19
What Is an EU COVID-19 Vaccine Passport/Certificate ?,Market,COVID-19
The EU COVID-19 Vaccine Passport/Certificate is a one-piece document that can be issued to a travelr in both a paper and digital format.,Market,COVID-19
"Depending on traveler's status, there are three types of Eu's Covid-19 Passport :-",Market,COVID-19
Vaccination passport,Market,COVID-19
Test certificate,Market,COVID-19
Recovery certificate,Market,COVID-19
For all your COVID-19 Vaccine passports/certificate contact,Market,COVID-19
Those holding such a document will be able to travel throughout Europe without the need to quarantine or test for COVID-19 (though the Member States may impose such restrictions on particular countries with a higher COVID-19 rate.,Market,COVID-19
What Is a Vaccination Passport?,Market,COVID-19
"The EU COVID Vaccination Passport will be issued to all those who have been fully vaccinated against the Corona virus, with one of the four vaccines approved by the European Medicine Agency, which are: Comirnaty (BioNTech, Pfizer)",Market,COVID-19
"The EU COVID Vaccination Passport will be issued to all those who have been fully vaccinated against the Corona virus, with one of the four vaccines approved by the European Medicine Agency, which are: Moderna",Market,COVID-19
"The EU COVID Vaccination Passport will be issued to all those who have been fully vaccinated against the Corona virus, with one of the four vaccines approved by the European Medicine Agency, which are: Vaxzevria (previously COVID-19 Vaccine AstraZeneca, Oxford)",Market,COVID-19
"The EU COVID Vaccination Passport will be issued to all those who have been fully vaccinated against the Corona virus, with one of the four vaccines approved by the European Medicine Agency, which are: Janssen (Johnson & Johnson)",Market,COVID-19
"The certificate will prove that its holder has been vaccinated while also containing additional infomation on the vaccine, as when the doses were administered, who is the manufacturer, etc.",Market,COVID-19
Proof of COVID-19 Vaccination Certificate | COVID-19 Vaccination Card,Market,COVID-19
"We are provider of CDC Vaccine Card, Covid-19 test, Vaccine card, covid certificate, vaccine passport, Covid-19 Vaccine pass covid, Covid vaccine, Record Card.",Market,COVID-19
CDC Vaccine Card,Market,COVID-19
Covid-19 vaccination record cards,Market,COVID-19
COVID-19 vaccination record cards,Market,COVID-19
Green Pass COVID-19 vaccination record cards,Market,COVID-19
"if you need Information on how to obtain Covid-19 Vaccine Cards or information on how to Get a certificate indicating that you’ve been vaccinated, known as the Pass Sanitaire (Covid 19 Sanitary pass) or Pass Vaccinal",Market,COVID-19
"Get a “covid health pass”, Covid-19 Impfzertifikat,Corona vaccination certificate (Corona Impfpass) UK Covid-19 Card, USA Cavid-19 Card, Canada Covid-19 Card, French Vaccine Pass, EU Covid-19 “passport”, EU Digital COVID-19 Certificate, covid pass french without the Covid-19 Vaccin",Market,COVID-19
"We also produce False certificate vaccine of covid,falsified a health pass with QR codes, proof of covid vaccine, copy of vaccination card, CDC vaccine card, NHS vaccination card, covid-19 vaccine certificates or covid vaccine records.",Market,COVID-19
falsified a health pass with QR codes,Market,COVID-19
"proof of covid vaccine, copy of vaccination card",Market,COVID-19
Get Your Cards and Stay Safe,Market,COVID-19
Watch out and stay away from the vaccine; its poisonous.,Market,COVID-19
"Kindly pass out the message to those who are still blind out there, so many secrets are hidden from us.",Market,COVID-19
"The minority ruling are trying to destroy mankind. If you can’t take the vaccines and need the cards,",Market,COVID-19
We Provide The Following Covid-19 vaccine cards Covid-19 immunization records Covid-19 fit to fly certificates Covid-19 test results,Market,COVID-19
We Provide Covid-19 test results,Market,COVID-19
We Provide COVID-19 fit to fly certificates,Market,COVID-19
Provide Covid-19 vaccine cards Covid-19 immunization Covid-19 test,Market,COVID-19
"We Provide Diverse solutions in documents production ranging from Covid-19 Vaccine Card, COVID-19 Vaccine Passport/Certificate, Passports, Driver’s License, ID Cards, Resident Permits, Certificates,  Counterfeit bank notes etc. Our services are top quality contact us and learn more.",Market,COVID-19
"Solutions documents Covid-19 Vaccine Card, COVID-19 Vaccine Passport/Certificate",Market,COVID-19
documents services COVID-19 test,Market,COVID-19
We help you to buy  Real and Fake documents like ssn-social security number,Market,COVID-19
"We help you to buy  Real and Fake documents, Covid-19 test results",Market,COVID-19
"visa-green cards, UK-USA driving license, US passport, work permit of any respected country without any time consuming. It will help you while you are outside of your country. We can make these all identity in just 5 working days for a ride.",Market,COVID-19
We help you to buy Covid-19 CDC,Market,COVID-19
We help you to buy green pass,Market,COVID-19
buy vaccination QR code,Market,COVID-19
Our certified service surcharge will be original and Registered in the database,Market,COVID-19
You can be verified easily without any issue CDC,Market,COVID-19
"Once you place an order by filling our secure contact us form, we will take just couple of hours to get your details and requirement.",Market,COVID-19
Our quick handy team will help you to flush out your documents tension,Market,COVID-19
"Korba technologies, you will get quick document services at very lowest prices. All your certificates are verified and registered in database system",Market,COVID-19
"Buy drivers license, ID card and certificates, Covid-19 vaccine card",Market,COVID-19
"Buy registered passports, drivers license, ID card and certificates, Covid-19 vaccine card,",Market,COVID-19
"We are the best producers of HIGH QUALITY document,Getting a fake and a real (genuine) passport, ID or driving license or any other document is simple. we can make you both real and fake documents.",Market,COVID-19
The real documents are more e??ensive than the fake because,Market,COVID-19
"it takes time, skill and contacts to get it done. Note that, the fake",Market,COVID-19
"is going to be 100% unique and in very good quality. The difference is based on the registration of the numbers. The real Document will be registered with the country's database so you can use it to travel to any country of your choice or in the country, mean while the fake will not be registered but can be used as well.",Market,COVID-19
"Buy fake USA,EU,UK,AU,Canada and fake Israeli passports,",Market,COVID-19
"Sildenafil UK-92,480) Pfizer's Sandwich, Kent, England. It The Morriston Hospital Swansea. Phase I Ian Osterloh Pfizer The FDA March United States, United States It Viagra US$1.934",Market,COVID-19
"Sildenafil UK-92,480) Pfizer's Sandwich, Kent, England. It The Morriston Hospital Swansea US$1.867",Market,COVID-19
"They Proteins Phenylalanine, Tyrosine Dopamine",Market,COVID-19
buy QR cov19 code,Market,COVID-19
Free recovery certificate sars-cov19,Market,COVID-19
"additional info of vaccine, as when the doses were administered, who is the manufacturer, etc.",Market,COVID-19
COVID-19 Vaccination Card,Market,COVID-19
"Covid-19 test, vaccine passport, Covid-19 Vaccine pass covid, Covid vaccine, Record Card.",Market,COVID-19
certificate sars-cov19,Market,COVID-19
vendor info of vaccine as when the doses were administered the manufacturer,Market,COVID-19
COVID Vaccination Card,Market,COVID-19
Covid-19 test and vaccine passport,Market,COVID-19
Fake Tests All Keep People Fear,Market,COVID-19
"Fake Tests, Fake Bodies, Fake Pandemic: All Keep People Fear",Market,COVID-19
Fake Pandemic: All Keep People Fear,Market,COVID-19
"As We Brave New World COVID-1984. We War Bioterror, PCR There It",Market,COVID-19
"Fake Tests, Fake Bodies, Fake Pandemic: All Keep People Fear",Market,COVID-19
Fake Tests Fake Pandemic,Market,COVID-19
Fake Tests All Keep People Fear,Market,COVID-19
"New World COVID-1984. We War Bioterror, PCR There It",Market,COVID-19
Fake Keep People Fear,Market,COVID-19
"Fake Tests, Fake Bodies, Fake Pandemic: All Keep People Fear",Market,COVID-19
fake pandemic keep People Fear,Market,COVID-19
"As We Brave New World COVID-1984. We War Bioterror, PCR There It",Market,COVID-19
"UK-USA driving license, US passport, work permit of any respected country without any time consuming. It will help you while you are outside of your country. We can make these all identity in just 5 working days for a ride.",Market,COVID-19
buy CDC,Market,COVID-19
vaccination card,Market,COVID-19
"visa-green cards, work permit of any respected country without any time consuming. It will help you while you are outside of your country. We can make these all identity in just 5 working days for a ride.",Market,COVID-19
How to buy Covid-19 CDC,Market,COVID-19
BUY: green pass,Market,COVID-19
BioNTech Covid-19 Europe,Market,COVID-19
"vendor German Bio N Tech, Pfizer Covid",Market,COVID-19
market: Vaccination passport,Market,COVID-19
access Test certificate,Market,COVID-19
verified easily without any issue CDC,Market,COVID-19
place an order by filling our secure contact us form take just hours to get your details and requirement.,Market,COVID-19
The EU COVID Vaccination Passport will be issued to all those who have been fully vaccinated,Market,COVID-19
BUY Corona virus with one of the four vaccines Moderna,Market,COVID-19
NEWS: Austria Locks Down 2 Million Unvaccinated Citizens,Forum,COVID-19
Cheat the system,Forum,COVID-19
examine the difference “perfect” vaccines and “leaky”,Forum,COVID-19
Perfect vaccines are so-named because they mimic the perfect immunity that humans naturally,Forum,COVID-19
Digital Certificate of Vaccination,Market,COVID-19
With a medical certificate of vaccination you can use the app to very simple proof of vaccination with absolute legal certainty.,Market,COVID-19
Since the legal proof is in line with EU guidelines,Market,COVID-19
complies with data protection requirements and works with the FHIR standard.,Market,COVID-19
The EU Digital COVID Certificate contains a QR code with a digital signature to protect it against falsification.,Market,COVID-19
"When the certificate is checked, the QR code is scanned and the signature verified",Market,COVID-19
"Which type of vaccine you received (Pfizer, Moderna, or Johnson & Johnson)",Market,COVID-19
ImpfPassDE (Covid 19 Vaccination Passport from Germany),Market,COVID-19
Vaccination Passport France (QR code in app «TousAntiCovid Verif») $149,Market,COVID-19
OLD PRICE: $199 Buy now,Market,COVID-19
ImpfPassDE (Covid 19 Vaccination Passport from Germany) $149,Market,COVID-19
Buy now Johnson and Johnson vaccine Record in VAMS (USA) $149,Market,COVID-19
Romanian (Check DCC app) $149,Market,COVID-19
OLD PRICE: $199 Buy now,Market,COVID-19
Czech Republic (DCC standard) $149,Market,COVID-19
OLD PRICE: $199,Market,COVID-19
Vaccination Passport for UK (NHS App) $199,Market,COVID-19
Ukraine Pfizer (Diya APP) $199 Buy now,Market,COVID-19
Fiji AstraZeneca (https://vra.digitalfiji.gov.fj) $109,Market,COVID-19
New Zealand Health Account (https://app.covid19.health.nz/) PRICE $199,Market,COVID-19
Vaccination certificate for Austria (Der Grüne Pass)$149,Market,COVID-19
OLD PRICE: $199 MODERNA,Market,COVID-19
Vaccination Passport for Switzerland (Swiss Covid app) $149,Market,COVID-19
OLD PRICE: $150 Vaccination Passport for Greece (Covid Free Gr) $149,Market,COVID-19
OLD PRICE: $130 moderna,Market,COVID-19
Vaccination Passport for Belgium (Registered in the CovidSafeBE app) 149,Market,COVID-19
OLD PRICE: $199 Buy now Vaccination Certificate for Spain (Travel Safe),Market,COVID-19
buy vaccine $149 OLD PRICE: $199,Market,COVID-19
Buy now Vaccination Certificate for Netherlands (Dutch GGD system) $149,Market,COVID-19
Buy now Vaccination Passport for Finland $149,Market,COVID-19
OLD PRICE: $199 Buy now vaccine ,Market,COVID-19
Vaccination Passport for Ireland (EU DCC) $149,Market,COVID-19
OLD PRICE: $199 Buy now,Market,COVID-19
Vaccination Passport for Canada (app Vaxicode Verif) $149,Market,COVID-19
OLD PRICE: $199,Market,COVID-19
Buy now Vaccination Passport for Australia (Express Plus Medicare mobile app) $149,Market,COVID-19
OLD PRICE: $199 Buy now Vaccination Passport for Italy,Market,COVID-19
Buy Vaccination Passport for Portugal $149 OLD PRICE: $19,Market,COVID-19
Buy now Vaccination Passport for Latvia (covid19sertifikats.lv),Market,COVID-19
Vaccination Passport for Estonia (Kriis.ee) 149,Market,COVID-19
OLD PRICE: $199Buy now,Market,COVID-19
Vaccination Passport for Slovenia (application ZVEM) $149,Market,COVID-19
OLD Buy now Vaccination Passport for Other Country $149,Market,COVID-19
OLD PRICE: $100 Buy now Vaccination Passport for Russia (Integrated into Gosuslugi.ru),Market,COVID-19
Vaccination Passport for Morocco (download from liqahcorona.ma) $149,Market,COVID-19
OLD PRICE: $100,Market,COVID-19
Buy now Vaccination Passport for Brazil (add info to SUS),Market,COVID-19
Ukraine Pfizer (Diya APP) $199 Buy now,Market,COVID-19
Fiji AstraZeneca (https://vra.digitalfiji.gov.fj) $109,Market,COVID-19
New Zealand Health Account (https://app.covid19.health.nz/) PRICE $199,Market,COVID-19
Vaccination certificate for Austria (Der Grüne Pass)$149,Market,COVID-19
Vaccination Passport for Switzerland (Swiss Covid app) $149,Market,COVID-19
OLD PRICE: $150 Vaccination Passport for Greece (Covid Free Gr) $149,Market,COVID-19
Vaccination Passport for Belgium,Market,COVID-19
Covid Certificates by Countries,Market,COVID-19
Covid Certificates by Countries,Market,COVID-19
Officially Registered and Unregistered,Market,COVID-19
Required information : Set in Order Description,Market,COVID-19
Poland Covid Certificate €50.00 Add to cartQuick View,Market,COVID-19
Poland Covid Certificate €300.00 Add to cartQuick View,Market,COVID-19
Romania Covid Certificate “Not Registered” €50.00 Add to cartQuick View,Market,COVID-19
Romania Covid Certificate €300.00 Add to cartQuick View,Market,COVID-19
USA Covid Certificate €50.00,Market,COVID-19
USA Covid Certificate €300.00 Add to cartQuick View,Market,COVID-19
France Covid Certificate “Not Registered” €50.00 Add to cartQuick View,Market,COVID-19
France Covid Certificate €300.00,Market,COVID-19
Australia Covid Certificate “Not Registered”,Market,COVID-19
€50.00 Add to cartQuick View,Market,COVID-19
Australia Covid Certificate €300.00 Add to cartQuick View,Market,COVID-19
Lithuania Covid €50.00 Add to cartQuick View,Market,COVID-19
Lithuania Covid Certificate €300.00 Add to cartQuick View,Market,COVID-19
Russian Covid Certificate “Not Registered”,Market,COVID-19
€50.00 Add to cartQuick View,Market,COVID-19
Russian Covid Certificate “Registered” €300.00 Add to cartQuick View,Market,COVID-19
Malta Covid Certificate “Not Registered” €50.00 Add to cartQuick View,Market,COVID-19
Malta Covid Certificate “Registered” €300.00 Add to cartQuick View,Market,COVID-19
Switzerland Covid Certificate “Not Registered”,Market,COVID-19
€50.00 Add to cartQuick View Switzerland Covid Certificate “Registered”,Market,COVID-19
€300.00 Add to cartQuick View,Market,COVID-19
Electronic version for Europe with QR code,Market,COVID-19
€500.00 Add to cartQuick View Belgium Covid Certificate “Not Registered”,Market,COVID-19
€50.00 Add to cartQuick View Belgium Covid Certificate “Registered”,Market,COVID-19
€300.00 Add to cartQuick View,Market,COVID-19
Israel Covid Certificate “Not Registered” €100.00 Add to cartQuick View,Market,COVID-19
Israel Covid Certificate “Registered”     €400.00 Add to cartQuick View,Market,COVID-19
Italy Covid Certificate  €50.00 Add to cartQuick View,Market,COVID-19
Italy Covid Certificate €300.00 Add to cartQuick View,Market,COVID-19
Germany Covid Certificate “Not Registered”,Market,COVID-19
€100.00 Add to cartQuick View Germany Covid Certificate “Registered”,Market,COVID-19
Greek Covid Certificate “Not Registered” €50.00 Add to cartQuick View,Market,COVID-19
Greek Covid Certificate €300.00 Add to cartQuick View,Market,COVID-19
Belgium Certificate “Registered + Digital” €400.00 Add to cartQuick View,Market,COVID-19
Spain Covid Certificate “Not Registered”  €50.00 Add to cartQuick View,Market,COVID-19
Spain Covid Certificate “Registered” €300.00 Add to cartQuick View,Market,COVID-19
AstraZeneca COVID-19 vaccine (10 shots) 280.00,Market,COVID-19
Pfizer-BioNTech-COVID-19-Vaccine-600x356-1-3 Buy COVID-19 Vaccine,Market,COVID-19
Buy Pfizer BioNTech COVID-19 vaccine Read more,Market,COVID-19
Sale! Covid-19 Vaccine Cards,Market,COVID-19
Covid-19 Vaccine Cards French/European,Market,COVID-19
“Covid Health Pass” $550.00 $450.00,Market,COVID-19
Johnson & Johnson’s Add to cart Sale!,Market,COVID-19
Johnson & Johnson’s Janssen COVID-19 Vaccine (10shots),Market,COVID-19
Janssen COVID-19 Vaccine (10shots),Market,COVID-19
Buy COVID-19 Vaccine Johnson & Johnson’s Janssen COVID-19 Vaccine,Market,COVID-19
Janssen COVID-19 Vaccine,Market,COVID-19
Johnson & Johnson’s Janssen COVID-19 Vaccine (10shots),Market,COVID-19
COVID-19 Vaccine (10shots) $280.00,Market,COVID-19
Moderna COVID-19 Vaccine (10 shots) Buy COVID-19 Vaccine,Market,COVID-19
Moderna COVID-19 Vaccine (10 shots) $280.00,Market,COVID-19
$250.00 Add to cart Sputnik V COVID-19 vaccine,Market,COVID-19
Sale! Sputnik V COVID-19 vaccine,Market,COVID-19
"COVID-19, Sputnik V COVID-19 vaccine",Market,COVID-19
Sputnik V COVID-19 vaccine(10 shots) $260.00,Market,COVID-19
Sputnik V COVID-19 vaccine $230.00,Market,COVID-19
Sputnik vaccine Add to cart,Market,COVID-19
AstraZeneca COVID-19 vaccine (10 shots) 280.00,Market,COVID-19
Pfizer-BioNTech-COVID-19-Vaccine-600x356-1-3 Buy COVID-19 Vaccine,Market,COVID-19
Buy Pfizer BioNTech COVID-19 vaccine Read more,Market,COVID-19
Sale Covid-19 Vaccine Cards,Market,COVID-19
Covid-19 Vaccine Cards European,Market,COVID-19
Covid Health Pass $450.00,Market,COVID-19
COVID Certificate SUISSE,Market,COVID-19
COVID Pass GENERATOR,Market,COVID-19
Johnson & Johnson’s Sale!,Market,COVID-19
COVID-19 Vaccine (10shots),Market,COVID-19
Russian Covid Certificate €300.00,Market,COVID-19
“Not Registered” €50.00 Add to cartQuick View,Market,COVID-19
Malta Covid Certificate “Registered” ,Market,COVID-19
Switzerland Covid Certificate “Registered”,Market,COVID-19
€50.00 Add to cartQuick View Switzerland Covid ,Market,COVID-19
€300 Add to cartQuick View,Market,COVID-19
Electronic version for UK with QR code,Market,COVID-19
€500.00 Belgium Covid Certificate “Not Registered”,Market,COVID-19
€50.00 Add to cartQuick View Belgium Covid Certificate,Market,COVID-19
Quick View VACCINE CARD,Market,COVID-19
trade-bio war,Forum,COVID-19
Green Terrorism!,Forum,COVID-19
This flu hoax is almost that it cannot be unintentionally retarded,Forum,COVID-19
these morons are literally handing you all the data that tells you there is no pandemic,Forum,COVID-19
"while telling you theres a pandemic, theyre getting retard celebrities to push vaccines using almost childlike propaganda while simultaneously posting an endless stream of vaccine deaths and injuries",Forum,COVID-19
its almost COVID test,Forum,COVID-19
only the most retarded of retarded sheep can believe this hoax and accept,Forum,COVID-19
with whatever that shit theyre,Forum,COVID-19
calling a vaccine is,Forum,COVID-19
rational free-thinking people and OUTNUMBER,Forum,COVID-19
imagine what a democratic,Forum,COVID-19
has been pursued over the years,Forum,COVID-19
re already barred for this very reasonwhat if the vacine passport is a trick to stamp out retards,Forum,COVID-19
world where politicians are unable,Forum,COVID-19
are accountable to a free-thinking and critical voting block,Forum,COVID-19
"we can finally unite without these imbeciles, where they have absolutely no political power",Forum,COVID-19
followers of the covid cult will be at the mercy,Forum,COVID-19
private corporation than it does a public health,Forum,COVID-19
"Gates holds an incredible amount of sway over decisions made at the WHO, which impact most countries",Forum,COVID-19
"Gates holds an incredible amount of sway over decisions made at the WHO, which impact most countries",Forum,COVID-19
"Switzerland where such deals are made, as does GAVI, and has though it is unclear if he was ever actually voted in as such.",Forum,COVID-19
What is in the fine print of their vaccines?,Forum,COVID-19
which caused the blood clots,Forum,COVID-19
Shaw Astra Zeneca Covid,Forum,COVID-19
vaccine-induced thrombotic,Forum,COVID-19
suffered as a result of vaccination,Forum,COVID-19
Lethal Moderna Vaccine!,Forum,COVID-19
With a medical certificate of vaccination absolute legal certainty.,Market,COVID-19
Since the legal is in line with EU guidelines,Market,COVID-19
complies with data protection requirements and works with the FHIR standard,Market,COVID-19
EU Digital COVID Certificate against falsification.,Market,COVID-19
the QR code is scanned and the signature verified,Market,COVID-19
"vaccine you received (Pfizer, Moderna, or Johnson & Johnson)",Market,COVID-19
ImpfPassDE Covid-19 Vaccination Passport,Market,COVID-19
Vaccination Passport France TousAntiCovid Verif 149,Market,COVID-19
OLD PRICE: $199 Buy now 10 shot,Market,COVID-19
ImpfPassDE $149,Market,COVID-19
Buy now Johnson and Johnson ,Market,COVID-19
Romanian (Check DCC app) $149,Market,COVID-19
OLD PRICE: $199 Buy now,Market,COVID-19
Czech Republic (DCC standard) $149,Market,COVID-19
Vaccination Passport for UK (NHS App) $199,Market,COVID-19
Ukraine Pfizer (Diya APP) $199 Buy now,Market,COVID-19
Fiji AstraZeneca ,Market,COVID-19
New Zealand Health Account ,Market,COVID-19
Vaccination certificate for Austria (Der Grüne Pass)$149,Market,COVID-19
OLD PRICE: $199 MODERNA,Market,COVID-19
Vaccination  Switzerland (Swiss Covid app) $149,Market,COVID-19
OLD PRICE: $150 Vaccination Passport for Greece (Covid Free Gr) $149,Market,COVID-19
OLD PRICE: $130 MDRN,Market,COVID-19
Vaccination Passport for Belgium (Registered in the CovidSafeBE app) 149,Market,COVID-19
OLD PRICE Travel Safe),Market,COVID-19
buy vaccine PRICE: $199,Market,COVID-19
Buy now Vaccination Certificate for Netherlands (Dutch GGD system) $149,Market,COVID-19
Buy Vaccination Passport for Finland $149,Market,COVID-19
OLD PRICE: $199 Buy now vaccine ,Market,COVID-19
BUY NOW Vaccination Passport for Ireland (EU DCC) $149,Market,COVID-19
OLD PRICE: $199 Buy now,Market,COVID-19
Vaccination Passport for Canada (app Vaxicode Verif) $149,Market,COVID-19
OLD PRICE: $199,Market,COVID-19
Buy now Vaccination Passport for Australia (Express Plus Medicare mobile app) $149,Market,COVID-19
OLD PRICE: $199 Buy now Vaccination Passport for Italy,Market,COVID-19
Buy Vaccination Passport for Portugal $149 OLD PRICE: $19,Market,COVID-19
Buy now Vaccination  for Latvia (covid19sertifikats.lv),Market,COVID-19
Vaccination Passport for Estonia (Kriis.ee) 149,Market,COVID-19
OLD PRICE: $199Buy now,Market,COVID-19
Vaccination Passport for Slovenia (application ZVEM) $149,Market,COVID-19
OLD Buy now Vaccination Passport for Other Country $149,Market,COVID-19
OLD PRICE: $100 Buy now Vaccination Passport for Russia (Integrated into Gosuslugi.ru),Market,COVID-19
Vaccination Passport for Morocco (download from liqahcorona.ma) $149,Market,COVID-19
OLD PRICE: $100,Market,COVID-19
 Passport for Brazil (add info to SUS),Market,COVID-19
Ukraine Pfizer (Diya APP) $199 Buy now,Market,COVID-19
Fiji AstraZeneca (https://vra.digitalfiji.gov.fj) $109,Market,COVID-19
New Zealand Health Account (https://app.covid19.health.nz/) PRICE $199,Market,COVID-19
Vaccination for Austria (Der Grüne Pass)$149,Market,COVID-19
Vaccination Passport for Switzerland,Market,COVID-19
Covid Free Gr $149,Market,COVID-19
Vaccination Passport for Belgium,Market,COVID-19
Covid Certificates by Countries,Market,COVID-19
Covid Certificates by Countries,Market,COVID-19
Officially Unregistered,Market,COVID-19
Required information : Set in Order Description,Market,COVID-19
Poland Covid  €50.00 Add to cartQuick View,Market,COVID-19
Poland Covid Certificate €300.00 Add to cartQuick View,Market,COVID-19
Romania Covid Certificate “Not Registered” €50.00 Add to cartQuick View,Market,COVID-19
Romania Covid Certificate View,Market,COVID-19
USA Covid Certificate €50.00,Market,COVID-19
USA Covid Certificate €300.00 Add to cartQuick View,Market,COVID-19
SALE France Covid Certificate “Not Registered” €50.00 Add to cartQuick View,Market,COVID-19
France Covid Certificate doscount,Market,COVID-19
buy now: Australia Covid Certificate,Market,COVID-19